<?xml version="1.0" encoding="UTF-8"?>
<project-private xmlns="http://www.netbeans.org/ns/project-private/1">
    <editor-bookmarks xmlns="http://www.netbeans.org/ns/editor-bookmarks/2" lastBookmarkId="0"/>
    <open-files xmlns="http://www.netbeans.org/ns/projectui-open-files/2">
        <group>
            <file>file:/C:/Users/Warmaster/Documents/NetBeansProjects/DE_Experiments/test/CoopDEwithRandomGroupingAndOverlapNGTest.java</file>
            <file>file:/C:/Users/Warmaster/Documents/NetBeansProjects/DE_Experiments/src/CoopDEwithRandomGroupingAndOverlap.java</file>
            <file>file:/C:/Users/Warmaster/Documents/NetBeansProjects/DE_Experiments/src/CoopDEwithRandomGrouping.java</file>
            <file>file:/C:/Users/Warmaster/Documents/NetBeansProjects/DE_Experiments/test/CoopDEwithRandomGroupingNGTest.java</file>
            <file>file:/C:/Users/Warmaster/Documents/NetBeansProjects/DE_Experiments/src/DEbinRandom1.java</file>
            <file>file:/C:/Users/Warmaster/Documents/NetBeansProjects/DE_Experiments/src/BasicCoopDE.java</file>
            <file>file:/C:/Users/Warmaster/Documents/NetBeansProjects/DE_Experiments/src/DataGatherer.java</file>
        </group>
    </open-files>
</project-private>
