<?xml version="1.0" encoding="UTF-8"?>
<project-private xmlns="http://www.netbeans.org/ns/project-private/1">
    <editor-bookmarks xmlns="http://www.netbeans.org/ns/editor-bookmarks/2" lastBookmarkId="0"/>
    <open-files xmlns="http://www.netbeans.org/ns/projectui-open-files/2">
        <group>
            <file>file:/C:/Users/Warmaster/Documents/NetBeansProjects/PSO-Project/src/pso/project/ShiftedAndRotatedMichalewicz.java</file>
            <file>file:/C:/Users/Warmaster/Documents/NetBeansProjects/PSO-Project/test/pso/project/Particle2011Test.java</file>
            <file>file:/C:/Users/Warmaster/Documents/NetBeansProjects/PSO-Project/src/pso/project/ShiftedAndRotatedKatsuura.java</file>
            <file>file:/C:/Users/Warmaster/Documents/NetBeansProjects/PSO-Project/src/pso/project/ShiftedAndRotatedAckley.java</file>
            <file>file:/C:/Users/Warmaster/Documents/NetBeansProjects/PSO-Project/src/pso/project/Swarm2011.java</file>
            <file>file:/C:/Users/Warmaster/Documents/NetBeansProjects/PSO-Project/src/pso/project/Ackley.java</file>
            <file>file:/C:/Users/Warmaster/Documents/NetBeansProjects/PSO-Project/test/pso/project/SPSO2011Test.java</file>
            <file>file:/C:/Users/Warmaster/Documents/NetBeansProjects/PSO-Project/src/pso/project/SPSO2011.java</file>
            <file>file:/C:/Users/Warmaster/Documents/NetBeansProjects/PSO-Project/src/pso/project/Particle2011.java</file>
            <file>file:/C:/Users/Warmaster/Documents/NetBeansProjects/PSO-Project/src/pso/project/Swarm.java</file>
            <file>file:/C:/Users/Warmaster/Documents/NetBeansProjects/PSO-Project/src/pso/project/ShiftedAndRotatedShubert.java</file>
            <file>file:/C:/Users/Warmaster/Documents/NetBeansProjects/PSO-Project/test/pso/project/BasePSOTest.java</file>
            <file>file:/C:/Users/Warmaster/Documents/NetBeansProjects/PSO-Project/src/pso/project/Particle.java</file>
            <file>file:/C:/Users/Warmaster/Documents/NetBeansProjects/PSO-Project/src/pso/project/BasePSO.java</file>
        </group>
    </open-files>
</project-private>
