<?xml version="1.0" encoding="UTF-8"?>
<project-private xmlns="http://www.netbeans.org/ns/project-private/1">
    <editor-bookmarks xmlns="http://www.netbeans.org/ns/editor-bookmarks/2" lastBookmarkId="0"/>
    <open-files xmlns="http://www.netbeans.org/ns/projectui-open-files/2">
        <group>
            <file>file:/C:/Users/Warmaster/Documents/NetBeansProjects/Image_Analysis_Assignment2/src/Ass2/CannyEdgeDetector.java</file>
            <file>file:/C:/Users/Warmaster/Documents/NetBeansProjects/Image_Analysis_Assignment2/src/Ass2/PhaseCongruencyEdgeDetector.java</file>
            <file>file:/C:/Users/Warmaster/Documents/NetBeansProjects/Image_Analysis_Assignment2/src/Ass2/Matrix.java</file>
            <file>file:/C:/Users/Warmaster/Documents/NetBeansProjects/Image_Analysis_Assignment2/src/Ass2/PhaseConMain.java</file>
            <file>file:/C:/Users/Warmaster/Documents/NetBeansProjects/Image_Analysis_Assignment2/src/Ass2/CannyMain.java</file>
        </group>
    </open-files>
</project-private>
